slug,title,ingredient
"receitas/Feijoada_da_Veveta","Feijoada","feijão preto"
"receitas/Feijoada_da_Veveta","Feijoada","?"
"receitas/Feijoada_da_Veveta","Feijoada","lombo suíno cortado"
"receitas/Feijoada_da_Veveta","Feijoada","paio"
"receitas/Feijoada_da_Veveta","Feijoada","rabo salgado"
"receitas/Feijoada_da_Veveta","Feijoada","cebola"
"receitas/Feijoada_da_Veveta","Feijoada","banha suína"
"receitas/Feijoada_da_Veveta","Feijoada","alho"
"receitas/Feijoada_da_Veveta","Feijoada","louro"
"receitas/Kafta","Kafta","carne"
"receitas/Kafta","Kafta","salsinha"
"receitas/Kafta","Kafta","hortelã"
"receitas/Kafta","Kafta","cebola"
"receitas/Kafta","Kafta","alho"
"receitas/Kafta","Kafta","pimenta síria"
"receitas/Kafta","Kafta","sal"
"receitas/Kafta","Kafta","azeite"
"receitas/Kafta","Kafta","palitos de churrasco"
"receitas/acarajé-1758398276182","Acarajé","feijão-fradinho"
"receitas/acarajé-1758398276182","Acarajé","cebola"
"receitas/acarajé-1758398276182","Acarajé","sal"
"receitas/acarajé-1758398276182","Acarajé","óleo"
"receitas/acarajé-1758398276182","Acarajé","azeite de dendê"
"receitas/acarajé-1758398276182","Acarajé","vatapá"
"receitas/acarajé-1758398276182","Acarajé","camarão seco"
"receitas/arroz_carreteiro_simples","Arroz carreteiro simples","arroz"
"receitas/arroz_carreteiro_simples","Arroz carreteiro simples","bacon"
"receitas/arroz_carreteiro_simples","Arroz carreteiro simples","tomate"
"receitas/arroz_carreteiro_simples","Arroz carreteiro simples","pimenta calabresa"
"receitas/arroz_carreteiro_simples","Arroz carreteiro simples","sal"
"receitas/arroz_carreteiro_simples","Arroz carreteiro simples","carne seca"
"receitas/arroz_carreteiro_simples","Arroz carreteiro simples","calabresa"
"receitas/arroz_carreteiro_simples","Arroz carreteiro simples","cebola"
"receitas/arroz_carreteiro_simples","Arroz carreteiro simples","salsa"
"receitas/antepasto_de_berinjela","Antepasto de berinjela","berinjela"
"receitas/antepasto_de_berinjela","Antepasto de berinjela","azeite"
"receitas/antepasto_de_berinjela","Antepasto de berinjela","vinagre"
"receitas/antepasto_de_berinjela","Antepasto de berinjela","aceto balsâmico"
"receitas/antepasto_de_berinjela","Antepasto de berinjela","azeitona"
"receitas/antepasto_de_berinjela","Antepasto de berinjela","sal"
"receitas/antepasto_de_berinjela","Antepasto de berinjela","alho"
"receitas/antepasto_de_berinjela","Antepasto de berinjela","pimenta-do-reino"
"receitas/antepasto_de_berinjela","Antepasto de berinjela","chimichurri"
"receitas/antepasto_de_berinjela","Antepasto de berinjela","orégano"
"receitas/batata_frita","Batata Frita","batata-asterix"
"receitas/batata_frita","Batata Frita","sal"
"receitas/batata_frita","Batata Frita","pimenta-do-reino"
"receitas/bife_rol_com_calabresa","Bife à Rolê com Calabresa","coração de alcatra"
"receitas/bife_rol_com_calabresa","Bife à Rolê com Calabresa","calabresa"
"receitas/bife_rol_com_calabresa","Bife à Rolê com Calabresa","cenoura"
"receitas/bife_rol_com_calabresa","Bife à Rolê com Calabresa","vagem"
"receitas/bife_rol_com_calabresa","Bife à Rolê com Calabresa","óleo"
"receitas/bife_rol_com_calabresa","Bife à Rolê com Calabresa","cebola"
"receitas/bife_rol_com_calabresa","Bife à Rolê com Calabresa","alho"
"receitas/bife_rol_com_calabresa","Bife à Rolê com Calabresa","molho de tomate"
"receitas/bife_rol_com_calabresa","Bife à Rolê com Calabresa","água"
"receitas/bife_rol_com_calabresa","Bife à Rolê com Calabresa","caldo de legumes"
"receitas/bife_rol_com_calabresa","Bife à Rolê com Calabresa","carne"
"receitas/bife_rol_com_calabresa","Bife à Rolê com Calabresa","sal"
"receitas/bife_rol_com_calabresa","Bife à Rolê com Calabresa","pimenta-do-reino"
"receitas/bife_rol_com_calabresa","Bife à Rolê com Calabresa","salada verde arroz branco feijão e farofa para acompanhar"
"receitas/bai_o_de_dois","Baião de dois","carne-seca"
"receitas/bai_o_de_dois","Baião de dois","feijão-fradinho"
"receitas/bai_o_de_dois","Baião de dois","arroz"
"receitas/bai_o_de_dois","Baião de dois","cebola"
"receitas/bai_o_de_dois","Baião de dois","azeite"
"receitas/bai_o_de_dois","Baião de dois","óleo"
"receitas/bai_o_de_dois","Baião de dois","queijo de coalho"
"receitas/bai_o_de_dois","Baião de dois","bacon"
"receitas/bai_o_de_dois","Baião de dois","cebola-roxa"
"receitas/bai_o_de_dois","Baião de dois","manteiga de garrafa"
"receitas/bai_o_de_dois","Baião de dois","cebolinha"
"receitas/bai_o_de_dois","Baião de dois","coentro"
"receitas/bai_o_de_dois","Baião de dois","sal"
"receitas/bai_o_de_dois","Baião de dois","pimenta-do-reino"
"receitas/batata_gratinada","Batata gratinada","batata"
"receitas/batata_gratinada","Batata gratinada","requeijão"
"receitas/batata_gratinada","Batata gratinada","creme de leite"
"receitas/batata_gratinada","Batata gratinada","cebolinha"
"receitas/batata_gratinada","Batata gratinada","bacon"
"receitas/batata_gratinada","Batata gratinada","queijo mussarela"
"receitas/batata_gratinada","Batata gratinada","sal"
"receitas/batata_gratinada","Batata gratinada","páprica"
"receitas/batata_gratinada","Batata gratinada","orégano"
"receitas/batata_gratinada","Batata gratinada","manteiga"
"receitas/batata_gratinada","Batata gratinada","parmesão"
"receitas/brigadeiro_sem_leite_condensado_com_banana_madura","Brigadeiro sem leite condensado com banana madura","cacau em pó"
"receitas/brigadeiro_sem_leite_condensado_com_banana_madura","Brigadeiro sem leite condensado com banana madura","banana"
"receitas/cuscuz_paulista","Cuscuz paulista","azeite"
"receitas/cuscuz_paulista","Cuscuz paulista","azeitona verde"
"receitas/cuscuz_paulista","Cuscuz paulista","ervilha"
"receitas/cuscuz_paulista","Cuscuz paulista","milho"
"receitas/cuscuz_paulista","Cuscuz paulista","molho de tomate"
"receitas/cuscuz_paulista","Cuscuz paulista","sardinha"
"receitas/cuscuz_paulista","Cuscuz paulista","sal"
"receitas/cuscuz_paulista","Cuscuz paulista","pimenta-do-reino"
"receitas/cuscuz_paulista","Cuscuz paulista","páprica doce"
"receitas/cuscuz_paulista","Cuscuz paulista","orégano"
"receitas/cuscuz_paulista","Cuscuz paulista","água"
"receitas/cuscuz_paulista","Cuscuz paulista","farinha de milho flocada"
"receitas/cuscuz_paulista","Cuscuz paulista","ovo"
"receitas/chilli_com_carne_simples","Chilli com carne simples","azeite"
"receitas/chilli_com_carne_simples","Chilli com carne simples","carne"
"receitas/chilli_com_carne_simples","Chilli com carne simples","sal"
"receitas/chilli_com_carne_simples","Chilli com carne simples","tomate"
"receitas/chilli_com_carne_simples","Chilli com carne simples","cominho"
"receitas/chilli_com_carne_simples","Chilli com carne simples","páprica doce"
"receitas/chilli_com_carne_simples","Chilli com carne simples","páprica picante"
"receitas/chilli_com_carne_simples","Chilli com carne simples","extrato de tomate"
"receitas/chilli_com_carne_simples","Chilli com carne simples","água"
"receitas/chilli_com_carne_simples","Chilli com carne simples","feijão-vermelho"
"receitas/chilli_com_carne_simples","Chilli com carne simples","coentro"
"receitas/chilli_com_carne_simples","Chilli com carne simples","salsinha"
"receitas/creme_de_leite_caseiro_fit","Creme de leite caseiro fit","ovo"
"receitas/creme_de_leite_caseiro_fit","Creme de leite caseiro fit","azeite"
"receitas/creme_de_leite_caseiro_fit","Creme de leite caseiro fit","leite em pó"
"receitas/creme_de_leite_caseiro_fit","Creme de leite caseiro fit","leite desnatado"
"receitas/creme_de_leite_caseiro_fit","Creme de leite caseiro fit","água"
"receitas/espeto_3_sabores_para_um_churrasco_completo","Espeto 3 sabores para um churrasco completo","alcatra"
"receitas/espeto_3_sabores_para_um_churrasco_completo","Espeto 3 sabores para um churrasco completo","peito de frango"
"receitas/espeto_3_sabores_para_um_churrasco_completo","Espeto 3 sabores para um churrasco completo","linguiça toscana"
"receitas/espeto_3_sabores_para_um_churrasco_completo","Espeto 3 sabores para um churrasco completo","alho"
"receitas/espeto_3_sabores_para_um_churrasco_completo","Espeto 3 sabores para um churrasco completo","cebola"
"receitas/espeto_3_sabores_para_um_churrasco_completo","Espeto 3 sabores para um churrasco completo","sal"
"receitas/espeto_3_sabores_para_um_churrasco_completo","Espeto 3 sabores para um churrasco completo","pimenta-do-reino"
"receitas/farofa_de_churrasco","Farofa de churrasco","azeite"
"receitas/farofa_de_churrasco","Farofa de churrasco","bacon"
"receitas/farofa_de_churrasco","Farofa de churrasco","cebola"
"receitas/farofa_de_churrasco","Farofa de churrasco","milho"
"receitas/farofa_de_churrasco","Farofa de churrasco","ervilha"
"receitas/farofa_de_churrasco","Farofa de churrasco","pimenta vermelha"
"receitas/farofa_de_churrasco","Farofa de churrasco","farinha de milho"
"receitas/farofa_de_churrasco","Farofa de churrasco","sal"
"receitas/doce_de_leite","Doce de leite","leite integral"
"receitas/doce_de_leite","Doce de leite","açúcar"
"receitas/doce_de_leite","Doce de leite","sal"
"receitas/doce_de_leite","Doce de leite","bicarbonato de sódio"
"receitas/feij_o_tropeiro","Feijão tropeiro","feijão preto"
"receitas/feij_o_tropeiro","Feijão tropeiro","fejão fradinho"
"receitas/feij_o_tropeiro","Feijão tropeiro","bacon"
"receitas/feij_o_tropeiro","Feijão tropeiro","manteiga"
"receitas/feij_o_tropeiro","Feijão tropeiro","linguiça calabresa"
"receitas/feij_o_tropeiro","Feijão tropeiro","carne de sol"
"receitas/feij_o_tropeiro","Feijão tropeiro","sal"
"receitas/feij_o_tropeiro","Feijão tropeiro","farinha de mandioca"
"receitas/feij_o_tropeiro","Feijão tropeiro","ovo"
"receitas/feijoada","Feijoada","feijão preto"
"receitas/feijoada","Feijoada","orelha de porco"
"receitas/feijoada","Feijoada","pé de porco"
"receitas/feijoada","Feijoada","lombo de porco"
"receitas/feijoada","Feijoada","lingüiça portuguesa"
"receitas/feijoada","Feijoada","carne seca"
"receitas/feijoada","Feijoada","rabo de porco"
"receitas/feijoada","Feijoada","costelinha de porco"
"receitas/feijoada","Feijoada","paio"
"receitas/feijoada","Feijoada","tempero"
"receitas/feijoada","Feijoada","cebola"
"receitas/feijoada","Feijoada","louro"
"receitas/feijoada","Feijoada","pimenta-do-reino"
"receitas/feijoada","Feijoada","pinga"
"receitas/feijoada","Feijoada","cebolinha"
"receitas/feijoada","Feijoada","alho"
"receitas/feijoada","Feijoada","laranja"
"receitas/feijoada","Feijoada","sal"
"receitas/macarronese","Macarronese","macarrão parafuso"
"receitas/macarronese","Macarronese","cenoura"
"receitas/macarronese","Macarronese","milho"
"receitas/macarronese","Macarronese","ervilha"
"receitas/macarronese","Macarronese","cebola"
"receitas/macarronese","Macarronese","presunto"
"receitas/macarronese","Macarronese","queijo mussarela"
"receitas/macarronese","Macarronese","maionese"
"receitas/macarronese","Macarronese","sal"
"receitas/macarronese","Macarronese","pimenta-do-reino"
"receitas/macarronese","Macarronese","cheiro-verde"
"receitas/feijoada_completa","Feijoada completa","feijão preto"
"receitas/feijoada_completa","Feijoada completa","carne seca"
"receitas/feijoada_completa","Feijoada completa","lombo suíno"
"receitas/feijoada_completa","Feijoada completa","costelinha suína defumada"
"receitas/feijoada_completa","Feijoada completa","calabresa"
"receitas/feijoada_completa","Feijoada completa","bacon"
"receitas/feijoada_completa","Feijoada completa","pé de porco salgado"
"receitas/feijoada_completa","Feijoada completa","rabo de porco salgado"
"receitas/feijoada_completa","Feijoada completa","alho"
"receitas/feijoada_completa","Feijoada completa","cebola"
"receitas/feijoada_completa","Feijoada completa","louro em pó"
"receitas/feijoada_completa","Feijoada completa","folhas secas"
"receitas/feijoada_completa","Feijoada completa","sal e pimenta"
"receitas/feijoada_simples","Feijoada Simples","costela de porco"
"receitas/feijoada_simples","Feijoada Simples","carne-seca"
"receitas/feijoada_simples","Feijoada Simples","lombo de porco"
"receitas/feijoada_simples","Feijoada Simples","feijão preto"
"receitas/feijoada_simples","Feijoada Simples","paio"
"receitas/feijoada_simples","Feijoada Simples","cebola"
"receitas/feijoada_simples","Feijoada Simples","alho"
"receitas/feijoada_simples","Feijoada Simples","azeite"
"receitas/feijoada_simples","Feijoada Simples","louro"
"receitas/feijoada_simples","Feijoada Simples","cominho"
"receitas/maionese_pratica_de_batata","Maionese prática de batata","batata"
"receitas/maionese_pratica_de_batata","Maionese prática de batata","cenoura"
"receitas/maionese_pratica_de_batata","Maionese prática de batata","azeitona verde"
"receitas/maionese_pratica_de_batata","Maionese prática de batata","cheiro-verde"
"receitas/maionese_pratica_de_batata","Maionese prática de batata","maionese"
"receitas/maionese_pratica_de_batata","Maionese prática de batata","sal"
"receitas/maionese_pratica_de_batata","Maionese prática de batata","salsa"
"receitas/maminha_assada_ao_molho_madeira_com_champignon","Maminha assada ao molho madeira com champignon","maminha bovina"
"receitas/maminha_assada_ao_molho_madeira_com_champignon","Maminha assada ao molho madeira com champignon","manteiga"
"receitas/maminha_assada_ao_molho_madeira_com_champignon","Maminha assada ao molho madeira com champignon","páprica defumada"
"receitas/maminha_assada_ao_molho_madeira_com_champignon","Maminha assada ao molho madeira com champignon","alho"
"receitas/maminha_assada_ao_molho_madeira_com_champignon","Maminha assada ao molho madeira com champignon","sal"
"receitas/maminha_assada_ao_molho_madeira_com_champignon","Maminha assada ao molho madeira com champignon","pimenta-do-reino"
"receitas/maminha_assada_ao_molho_madeira_com_champignon","Maminha assada ao molho madeira com champignon","farinha de trigo"
"receitas/maminha_assada_ao_molho_madeira_com_champignon","Maminha assada ao molho madeira com champignon","extrato de tomate"
"receitas/maminha_assada_ao_molho_madeira_com_champignon","Maminha assada ao molho madeira com champignon","vinho tinto seco"
"receitas/maminha_assada_ao_molho_madeira_com_champignon","Maminha assada ao molho madeira com champignon","caldo de carne"
"receitas/maminha_assada_ao_molho_madeira_com_champignon","Maminha assada ao molho madeira com champignon","champignon"
"receitas/maminha_assada_ao_molho_madeira_com_champignon","Maminha assada ao molho madeira com champignon","legumes"
"receitas/maminha_assada_ao_molho_madeira_com_champignon","Maminha assada ao molho madeira com champignon","purê de batata"
"receitas/maminha_assada_ao_molho_madeira_com_champignon","Maminha assada ao molho madeira com champignon","arroz"
"receitas/mingau_de_aveia_fit","Mingau de aveia fit","aveia em flocos"
"receitas/mingau_de_aveia_fit","Mingau de aveia fit","leite"
"receitas/mingau_de_aveia_fit","Mingau de aveia fit","colher de café de canela em pó"
"receitas/mingau_de_aveia_fit","Mingau de aveia fit","cravo"
"receitas/mingau_de_aveia_fit","Mingau de aveia fit","banana"
"receitas/molho_branco_fit","Molho branco fit","aveia em flocos"
"receitas/molho_branco_fit","Molho branco fit","água"
"receitas/molho_branco_fit","Molho branco fit","cebola"
"receitas/molho_branco_fit","Molho branco fit","alho"
"receitas/molho_branco_fit","Molho branco fit","azeite"
"receitas/molho_branco_fit","Molho branco fit","sal"
"receitas/molho_branco_fit","Molho branco fit","noz-moscada"
"receitas/molho_branco_fit","Molho branco fit","pimenta branca"
"receitas/mandioca_ao_alho","Mandioca ao alho","mandioca"
"receitas/mandioca_ao_alho","Mandioca ao alho","sal"
"receitas/mandioca_ao_alho","Mandioca ao alho","azeite"
"receitas/mandioca_ao_alho","Mandioca ao alho","alho"
"receitas/molho_de_salsicha","Molho de salsicha","salsicha"
"receitas/molho_de_salsicha","Molho de salsicha","óleo de soja"
"receitas/molho_de_salsicha","Molho de salsicha","alho"
"receitas/molho_de_salsicha","Molho de salsicha","cebola"
"receitas/molho_de_salsicha","Molho de salsicha","tomate"
"receitas/molho_de_salsicha","Molho de salsicha","cheiro-verde"
"receitas/molho_de_salsicha","Molho de salsicha","cebolinha"
"receitas/molho_de_salsicha","Molho de salsicha","água"
"receitas/molho_de_salsicha","Molho de salsicha","mostarda"
"receitas/molho_de_salsicha","Molho de salsicha","ketchup"
"receitas/molho_chimichurri","Molho chimichurri","salsinha"
"receitas/molho_chimichurri","Molho chimichurri","orégano"
"receitas/molho_chimichurri","Molho chimichurri","vinagre de vinho tinto"
"receitas/molho_chimichurri","Molho chimichurri","azeite"
"receitas/molho_chimichurri","Molho chimichurri","água"
"receitas/molho_chimichurri","Molho chimichurri","sal grosso"
"receitas/molho_chimichurri","Molho chimichurri","pimenta dedo-de-moça"
"receitas/molho_chimichurri","Molho chimichurri","alho"
"receitas/molho_vinagrete_para_churrasco","Molho vinagrete para churrasco","cebola"
"receitas/molho_vinagrete_para_churrasco","Molho vinagrete para churrasco","tomate"
"receitas/molho_vinagrete_para_churrasco","Molho vinagrete para churrasco","pimentão verde"
"receitas/molho_vinagrete_para_churrasco","Molho vinagrete para churrasco","cheiro-verde"
"receitas/molho_vinagrete_para_churrasco","Molho vinagrete para churrasco","azeitonas verdes"
"receitas/molho_vinagrete_para_churrasco","Molho vinagrete para churrasco","sal"
"receitas/molho_vinagrete_para_churrasco","Molho vinagrete para churrasco","pimenta-do-reino"
"receitas/molho_vinagrete_para_churrasco","Molho vinagrete para churrasco","azeite"
"receitas/molho_vinagrete_para_churrasco","Molho vinagrete para churrasco","vinagre"
"receitas/molho_vinagrete_para_churrasco","Molho vinagrete para churrasco","água"
"receitas/molho_madeira","Molho madeira","champignon"
"receitas/molho_madeira","Molho madeira","manteiga"
"receitas/molho_madeira","Molho madeira","cebola"
"receitas/molho_madeira","Molho madeira","alho"
"receitas/molho_madeira","Molho madeira","amido de milho"
"receitas/molho_madeira","Molho madeira","vinho madeira"
"receitas/molho_madeira","Molho madeira","caldo de carne"
"receitas/molho_madeira","Molho madeira","sal"
"receitas/molho_madeira","Molho madeira","pimenta-do-reino"
"receitas/mousse_de_chocolate","Mousse de chocolate","chocolate ao leite"
"receitas/mousse_de_chocolate","Mousse de chocolate","creme de leite"
"receitas/mousse_de_chocolate","Mousse de chocolate","ovo"
"receitas/mousse_de_chocolate","Mousse de chocolate","açúcar"
"receitas/moqueca---bahia-1758394468201","Moqueca - Bahia","robalo"
"receitas/moqueca---bahia-1758394468201","Moqueca - Bahia","alho"
"receitas/moqueca---bahia-1758394468201","Moqueca - Bahia","cebola"
"receitas/moqueca---bahia-1758394468201","Moqueca - Bahia","tomate"
"receitas/moqueca---bahia-1758394468201","Moqueca - Bahia","leite de coco"
"receitas/moqueca---bahia-1758394468201","Moqueca - Bahia","azeite de dendê"
"receitas/moqueca---bahia-1758394468201","Moqueca - Bahia","pimentão vermelho"
"receitas/moqueca---bahia-1758394468201","Moqueca - Bahia","pimentão verde"
"receitas/moqueca---bahia-1758394468201","Moqueca - Bahia","pimenta-de-cheiro"
"receitas/moqueca---bahia-1758394468201","Moqueca - Bahia","coentro"
"receitas/moqueca---bahia-1758394468201","Moqueca - Bahia","sal"
"receitas/moqueca---bahia-1758394468201","Moqueca - Bahia","azeite"
"receitas/mousse_de_maracuj_f_cil_e_cremosa","Mousse de maracujá fácil e cremosa","gelatina sem sabor"
"receitas/mousse_de_maracuj_f_cil_e_cremosa","Mousse de maracujá fácil e cremosa","água"
"receitas/mousse_de_maracuj_f_cil_e_cremosa","Mousse de maracujá fácil e cremosa","leite condensado"
"receitas/mousse_de_maracuj_f_cil_e_cremosa","Mousse de maracujá fácil e cremosa","creme de leite"
"receitas/mousse_de_maracuj_f_cil_e_cremosa","Mousse de maracujá fácil e cremosa","suco de maracujá"
"receitas/mousse_de_maracuj_f_cil_e_cremosa","Mousse de maracujá fácil e cremosa","amido de milho"
"receitas/mousse_de_maracuj_f_cil_e_cremosa","Mousse de maracujá fácil e cremosa","açúcar"
"receitas/mousse_de_lim_o_r_pida","Mousse de limão rápida","creme de leite"
"receitas/mousse_de_lim_o_r_pida","Mousse de limão rápida","leite condensado"
"receitas/mousse_de_lim_o_r_pida","Mousse de limão rápida","suco de limão"
"receitas/nos_envie_receitas-2","Envia suas receita pra gente","queremos ver aquela receita que você arrasa! manda pra gente, compartilhe com a comunidade e ajude outros cozinheiros a mandarem bem também. é super rápido! se liga no passo a passo abaixo para sua receita ser publicada e bombar"
"receitas/ovos_rancheiros","Ovos rancheiros","linguiça calabresa"
"receitas/ovos_rancheiros","Ovos rancheiros","queijo"
"receitas/ovos_rancheiros","Ovos rancheiros","orégano"
"receitas/ovos_rancheiros","Ovos rancheiros","ovo"
"receitas/ovos_rancheiros","Ovos rancheiros","sal"
"receitas/ovos_rancheiros","Ovos rancheiros","pimenta"
"receitas/ovos_rancheiros","Ovos rancheiros","salsinha"
"receitas/ovos_rancheiros","Ovos rancheiros","cebola"
"receitas/ovos_rancheiros","Ovos rancheiros","alho"
"receitas/ovos_rancheiros","Ovos rancheiros","molho de tomate"
"receitas/panqueca_americana","Panqueca americana","farinha de trigo"
"receitas/panqueca_americana","Panqueca americana","açúcar"
"receitas/panqueca_americana","Panqueca americana","sal"
"receitas/panqueca_americana","Panqueca americana","ovo"
"receitas/panqueca_americana","Panqueca americana","leite"
"receitas/panqueca_americana","Panqueca americana","óleo"
"receitas/panqueca_americana","Panqueca americana","manteiga"
"receitas/panqueca_americana","Panqueca americana","fermento químico em pó"
"receitas/panqueca_americana","Panqueca americana","canela em pó"
"receitas/panqueca_americana","Panqueca americana","bicarbonato"
"receitas/panqueca_americana_fit","Panqueca americana fit","farinha de arroz"
"receitas/panqueca_americana_fit","Panqueca americana fit","leite desnatado"
"receitas/panqueca_americana_fit","Panqueca americana fit","ovo"
"receitas/panqueca_americana_fit","Panqueca americana fit","mel"
"receitas/panqueca_americana_fit","Panqueca americana fit","fermento químico em pó"
"receitas/panqueca_americana_fit","Panqueca americana fit","essência de baunilha"
"receitas/panqueca_americana_fit","Panqueca americana fit","óleo de coco"
"receitas/pato_no_tucupi","Pato no tucupi","pato"
"receitas/pato_no_tucupi","Pato no tucupi","alho"
"receitas/pato_no_tucupi","Pato no tucupi","tomate"
"receitas/pato_no_tucupi","Pato no tucupi","louro"
"receitas/pato_no_tucupi","Pato no tucupi","óleo"
"receitas/pato_no_tucupi","Pato no tucupi","tucupi"
"receitas/pato_no_tucupi","Pato no tucupi","sal"
"receitas/pato_no_tucupi","Pato no tucupi","cebola"
"receitas/pato_no_tucupi","Pato no tucupi","bacon"
"receitas/pato_no_tucupi","Pato no tucupi","vinagre"
"receitas/pato_no_tucupi","Pato no tucupi","cominho e pimenta do reino"
"receitas/pato_no_tucupi","Pato no tucupi","jambu"
"receitas/pato_no_tucupi","Pato no tucupi","agrião"
"receitas/pato_no_tucupi","Pato no tucupi","farinha de mandioca torrada"
"receitas/pat_de_frango","Patê de frango","frango"
"receitas/pat_de_frango","Patê de frango","maionese"
"receitas/pat_de_frango","Patê de frango","requeijão"
"receitas/pat_de_frango","Patê de frango","milho-verde"
"receitas/pat_de_frango","Patê de frango","azeitona verde sem caroço"
"receitas/pat_de_frango","Patê de frango","cenoura"
"receitas/pat_de_frango","Patê de frango","cebola"
"receitas/pat_de_frango","Patê de frango","sal e cheiro-verde"
"receitas/panqueca_de_carne_moída","Panqueca de carne moída","farinha de trigo"
"receitas/panqueca_de_carne_moída","Panqueca de carne moída","ovo"
"receitas/panqueca_de_carne_moída","Panqueca de carne moída","sal"
"receitas/panqueca_de_carne_moída","Panqueca de carne moída","cebola"
"receitas/panqueca_de_carne_moída","Panqueca de carne moída","extrato de tomate"
"receitas/panqueca_de_carne_moída","Panqueca de carne moída","queijo"
"receitas/panqueca_de_carne_moída","Panqueca de carne moída","leite"
"receitas/panqueca_de_carne_moída","Panqueca de carne moída","óleo"
"receitas/panqueca_de_carne_moída","Panqueca de carne moída","carne"
"receitas/panqueca_de_carne_moída","Panqueca de carne moída","tomate"
"receitas/panqueca_de_carne_moída","Panqueca de carne moída","creme de leite"
"receitas/panqueca_de_carne_moída","Panqueca de carne moída","muçarela"
"receitas/picanha_com_batatonese_de_bacon","Picanha com batatonese de bacon","bacon defumado"
"receitas/picanha_com_batatonese_de_bacon","Picanha com batatonese de bacon","batata"
"receitas/picanha_com_batatonese_de_bacon","Picanha com batatonese de bacon","maionese"
"receitas/picanha_com_batatonese_de_bacon","Picanha com batatonese de bacon","mostarda"
"receitas/picanha_com_batatonese_de_bacon","Picanha com batatonese de bacon","salsinha"
"receitas/picanha_com_batatonese_de_bacon","Picanha com batatonese de bacon","sal e pimenta-do-reino"
"receitas/picanha_com_batatonese_de_bacon","Picanha com batatonese de bacon","picanha bovina"
"receitas/picanha_com_batatonese_de_bacon","Picanha com batatonese de bacon","sal"
"receitas/pudim_de_leite_condensado","Pudim de leite condensado","açúcar"
"receitas/pudim_de_leite_condensado","Pudim de leite condensado","água"
"receitas/pudim_de_leite_condensado","Pudim de leite condensado","ovo"
"receitas/pudim_de_leite_condensado","Pudim de leite condensado","leite integral"
"receitas/pudim_de_leite_condensado","Pudim de leite condensado","leite condensado"
"receitas/pudim_de_p_o_f_cil","Pudim de pão fácil","água"
"receitas/pudim_de_p_o_f_cil","Pudim de pão fácil","açúcar"
"receitas/pudim_de_p_o_f_cil","Pudim de pão fácil","leite"
"receitas/pudim_de_p_o_f_cil","Pudim de pão fácil","ovo"
"receitas/pudim_de_p_o_f_cil","Pudim de pão fácil","creme de leite"
"receitas/pudim_de_p_o_f_cil","Pudim de pão fácil","leite condensado"
"receitas/pudim_de_p_o_f_cil","Pudim de pão fácil","pão francês"
"receitas/polenta_mole_com_carne_mo_da","Polenta mole com carne moída","azeite"
"receitas/polenta_mole_com_carne_mo_da","Polenta mole com carne moída","cebola"
"receitas/polenta_mole_com_carne_mo_da","Polenta mole com carne moída","carne"
"receitas/polenta_mole_com_carne_mo_da","Polenta mole com carne moída","caldo de carne"
"receitas/polenta_mole_com_carne_mo_da","Polenta mole com carne moída","água"
"receitas/polenta_mole_com_carne_mo_da","Polenta mole com carne moída","tomate"
"receitas/polenta_mole_com_carne_mo_da","Polenta mole com carne moída","manjericão"
"receitas/polenta_mole_com_carne_mo_da","Polenta mole com carne moída","manteiga"
"receitas/polenta_mole_com_carne_mo_da","Polenta mole com carne moída","sal"
"receitas/polenta_mole_com_carne_mo_da","Polenta mole com carne moída","fubá"
"receitas/polenta_mole_com_carne_mo_da","Polenta mole com carne moída","queijo gorgonzola"
"receitas/queijo_cottage","Queijo cottage","leite integral tipo a"
"receitas/queijo_cottage","Queijo cottage","suco de limão"
"receitas/queijo_cottage","Queijo cottage","sal"
"receitas/picanha_perdig_o_na_brasa_com_farofa_e_vinagrete","Picanha na brasa com farofa e vinagrete","picanha bovina"
"receitas/picanha_perdig_o_na_brasa_com_farofa_e_vinagrete","Picanha na brasa com farofa e vinagrete","sal"
"receitas/picanha_perdig_o_na_brasa_com_farofa_e_vinagrete","Picanha na brasa com farofa e vinagrete","manteiga"
"receitas/picanha_perdig_o_na_brasa_com_farofa_e_vinagrete","Picanha na brasa com farofa e vinagrete","cebola"
"receitas/picanha_perdig_o_na_brasa_com_farofa_e_vinagrete","Picanha na brasa com farofa e vinagrete","farinha de mandioca torrada"
"receitas/picanha_perdig_o_na_brasa_com_farofa_e_vinagrete","Picanha na brasa com farofa e vinagrete","salsinha"
"receitas/picanha_perdig_o_na_brasa_com_farofa_e_vinagrete","Picanha na brasa com farofa e vinagrete","pimenta-do-reino"
"receitas/picanha_perdig_o_na_brasa_com_farofa_e_vinagrete","Picanha na brasa com farofa e vinagrete","tomate"
"receitas/picanha_perdig_o_na_brasa_com_farofa_e_vinagrete","Picanha na brasa com farofa e vinagrete","cebola-roxa"
"receitas/picanha_perdig_o_na_brasa_com_farofa_e_vinagrete","Picanha na brasa com farofa e vinagrete","vinagre"
"receitas/picanha_perdig_o_na_brasa_com_farofa_e_vinagrete","Picanha na brasa com farofa e vinagrete","azeite"
"receitas/risoto_de_calabresa","Risoto de calabresa","linguiça calabresa"
"receitas/risoto_de_calabresa","Risoto de calabresa","azeite"
"receitas/risoto_de_calabresa","Risoto de calabresa","cebola"
"receitas/risoto_de_calabresa","Risoto de calabresa","aipo"
"receitas/risoto_de_calabresa","Risoto de calabresa","arroz arbóreo"
"receitas/risoto_de_calabresa","Risoto de calabresa","vinho branco seco"
"receitas/risoto_de_calabresa","Risoto de calabresa","caldo de legumes"
"receitas/risoto_de_calabresa","Risoto de calabresa","queijo parmesão"
"receitas/risoto_de_calabresa","Risoto de calabresa","limão tahiti"
"receitas/risoto_de_calabresa","Risoto de calabresa","manteiga"
"receitas/risoto_de_calabresa","Risoto de calabresa","salsinha"
"receitas/risoto_de_calabresa","Risoto de calabresa","sal"
"receitas/risoto_de_calabresa","Risoto de calabresa","pimenta-do-reino"
"receitas/rocambole-de-carne-moída--1758386974462","Rocambole de carne moída","coxão duro"
"receitas/rocambole-de-carne-moída--1758386974462","Rocambole de carne moída","cebola"
"receitas/rocambole-de-carne-moída--1758386974462","Rocambole de carne moída","alho"
"receitas/rocambole-de-carne-moída--1758386974462","Rocambole de carne moída","sal"
"receitas/rocambole-de-carne-moída--1758386974462","Rocambole de carne moída","bacon"
"receitas/rocambole-de-carne-moída--1758386974462","Rocambole de carne moída","queijo prato"
"receitas/rocambole-de-carne-moída--1758386974462","Rocambole de carne moída","azeitona verde"
"receitas/rocambole-de-carne-moída--1758386974462","Rocambole de carne moída","maionese"
"receitas/salada_tropical","Salada tropical","manga"
"receitas/salada_tropical","Salada tropical","tomate"
"receitas/salada_tropical","Salada tropical","palmito"
"receitas/salada_tropical","Salada tropical","castanha"
"receitas/salada_tropical","Salada tropical","alface"
"receitas/salada_tropical","Salada tropical","azeite"
"receitas/salada_tropical","Salada tropical","mel"
"receitas/salada_tropical","Salada tropical","aceto balsâmico"
"receitas/salada_tropical","Salada tropical","sal"
"receitas/salada_tropical","Salada tropical","pimenta-do-reino"
"receitas/salada_de_macarr_o","Salada de macarrão","macarrão parafuso"
"receitas/salada_de_macarr_o","Salada de macarrão","água"
"receitas/salada_de_macarr_o","Salada de macarrão","peito de peru defumado"
"receitas/salada_de_macarr_o","Salada de macarrão","mussarela"
"receitas/salada_de_macarr_o","Salada de macarrão","milho"
"receitas/salada_de_macarr_o","Salada de macarrão","ervilha"
"receitas/salada_de_macarr_o","Salada de macarrão","cenoura"
"receitas/salada_de_macarr_o","Salada de macarrão","cebola"
"receitas/salada_de_macarr_o","Salada de macarrão","tomate"
"receitas/salada_de_macarr_o","Salada de macarrão","salsinha"
"receitas/salada_de_macarr_o","Salada de macarrão","manjericão"
"receitas/salada_de_macarr_o","Salada de macarrão","sal"
"receitas/salada_de_macarr_o","Salada de macarrão","pimenta-do-reino"
"receitas/salada_de_macarr_o","Salada de macarrão","creme de leite"
"receitas/salada_de_macarr_o","Salada de macarrão","maionese"
"receitas/salada_de_macarr_o","Salada de macarrão","frango"
"receitas/receita-de-tacacá-1758397532347","Receita de tacacá","água"
"receitas/receita-de-tacacá-1758397532347","Receita de tacacá","tucupi"
"receitas/receita-de-tacacá-1758397532347","Receita de tacacá","sal"
"receitas/receita-de-tacacá-1758397532347","Receita de tacacá","goma de mandioca"
"receitas/receita-de-tacacá-1758397532347","Receita de tacacá","pimentas-de-cheiro"
"receitas/receita-de-tacacá-1758397532347","Receita de tacacá","alho"
"receitas/receita-de-tacacá-1758397532347","Receita de tacacá","camarão salgado seco"
"receitas/receita-de-tacacá-1758397532347","Receita de tacacá","chicória"
"receitas/receita-de-tacacá-1758397532347","Receita de tacacá","jambu"
"receitas/salpic_o_fit","Salpicão fit","frango"
"receitas/salpic_o_fit","Salpicão fit","cenoura"
"receitas/salpic_o_fit","Salpicão fit","maçã"
"receitas/salpic_o_fit","Salpicão fit","milho-verde"
"receitas/salpic_o_fit","Salpicão fit","ervilha"
"receitas/salpic_o_fit","Salpicão fit","uva-passa"
"receitas/salpic_o_fit","Salpicão fit","iogurte natural desnatado"
"receitas/salpic_o_fit","Salpicão fit","mostarda"
"receitas/salpic_o_fit","Salpicão fit","sal"
"receitas/salpic_o_fit","Salpicão fit","pimenta-do-reino"
"receitas/salpic_o_fit","Salpicão fit","cheiro-verde"
"receitas/tacacá-original-do-pará-1758396929691","Tacacá original do Pará","água"
"receitas/tacacá-original-do-pará-1758396929691","Tacacá original do Pará","polvilho azedo"
"receitas/tacacá-original-do-pará-1758396929691","Tacacá original do Pará","goma de mandioca"
"receitas/tacacá-original-do-pará-1758396929691","Tacacá original do Pará","sal"
"receitas/tacacá-original-do-pará-1758396929691","Tacacá original do Pará","camarão salgado seco"
"receitas/tacacá-original-do-pará-1758396929691","Tacacá original do Pará","chicória"
"receitas/tacacá-original-do-pará-1758396929691","Tacacá original do Pará","alho"
"receitas/tacacá-original-do-pará-1758396929691","Tacacá original do Pará","pimenta-de-cheiro"
"receitas/tacacá-original-do-pará-1758396929691","Tacacá original do Pará","jambu"
"receitas/tacacá-original-do-pará-1758396929691","Tacacá original do Pará","tucupi"
"receitas/sunomono","Sunomono (salada de pepino japonesa)","pepino japonês"
"receitas/sunomono","Sunomono (salada de pepino japonesa)","vinagre de arroz"
"receitas/sunomono","Sunomono (salada de pepino japonesa)","açúcar"
"receitas/sunomono","Sunomono (salada de pepino japonesa)","sal"
"receitas/sunomono","Sunomono (salada de pepino japonesa)","gergelim"
"receitas/strogonoff_fit_vegano","Strogonoff fit vegano","azeite"
"receitas/strogonoff_fit_vegano","Strogonoff fit vegano","cebola"
"receitas/strogonoff_fit_vegano","Strogonoff fit vegano","alho"
"receitas/strogonoff_fit_vegano","Strogonoff fit vegano","cogumelo"
"receitas/strogonoff_fit_vegano","Strogonoff fit vegano","cenoura"
"receitas/strogonoff_fit_vegano","Strogonoff fit vegano","abobrinha"
"receitas/strogonoff_fit_vegano","Strogonoff fit vegano","pimentão vermelho"
"receitas/strogonoff_fit_vegano","Strogonoff fit vegano","mostarda"
"receitas/strogonoff_fit_vegano","Strogonoff fit vegano","ketchup sem açúcar"
"receitas/strogonoff_fit_vegano","Strogonoff fit vegano","molho de tomate"
"receitas/strogonoff_fit_vegano","Strogonoff fit vegano","creme de soja"
"receitas/strogonoff_fit_vegano","Strogonoff fit vegano","sal"
"receitas/strogonoff_fit_vegano","Strogonoff fit vegano","pimenta-do-reino"
"receitas/strogonoff_fit_vegano","Strogonoff fit vegano","cheiro-verde"
"receitas/torta_de_lim_o_f_cil","Torta de limão fácil","biscoito maisena"
"receitas/torta_de_lim_o_f_cil","Torta de limão fácil","manteiga"
"receitas/torta_de_lim_o_f_cil","Torta de limão fácil","limão"
"receitas/torta_de_lim_o_f_cil","Torta de limão fácil","água"
"receitas/torta_de_lim_o_f_cil","Torta de limão fácil","suco de limão"
"receitas/torta_de_lim_o_f_cil","Torta de limão fácil","leite condensado"
"receitas/torta_de_lim_o_f_cil","Torta de limão fácil","creme de leite"
"receitas/vinagrete","Vinagrete","tomate"
"receitas/vinagrete","Vinagrete","cebola-roxa"
"receitas/vinagrete","Vinagrete","salsinha"
"receitas/vinagrete","Vinagrete","cebolinha"
"receitas/vinagrete","Vinagrete","pimentão verde"
"receitas/vinagrete","Vinagrete","vinagre de vinho branco"
"receitas/vinagrete","Vinagrete","azeite de oliva"
"receitas/vinagrete","Vinagrete","tomilho"
"receitas/vinagrete","Vinagrete","limão"
"receitas/vinagrete","Vinagrete","sal"
"receitas/vinagrete","Vinagrete","pimenta-do-reino"